{"cameraMode":{"drawMode":0,"name":"Shaded","section":"Shading Mode"},"sceneLighting":false,"audioPlay":false,"sceneViewState":{"showFog":false,"showMaterialUpdate":false,"showSkybox":false,"showFlares":true,"showImageEffects":true,"showParticleSystems":true},"in2DMode":false,"pivot":{"x":-8.329999923706055,"y":1.0157214403152466,"z":1.302701711654663},"rotation":{"x":0.28943073749542239,"y":0.04735850170254707,"z":-0.014335017651319504,"w":0.9559361338615418},"size":1.552168369293213,"orthographic":false}