{"cameraMode":{"drawMode":0,"name":"Shaded","section":"Shading Mode"},"sceneLighting":false,"audioPlay":false,"sceneViewState":{"showFog":false,"showMaterialUpdate":false,"showSkybox":false,"showFlares":true,"showImageEffects":true,"showParticleSystems":true},"in2DMode":false,"pivot":{"x":-7.440000534057617,"y":1.4627399444580079,"z":8.90999984741211},"rotation":{"x":-0.12251919507980347,"y":0.8756684064865112,"z":-0.3584602475166321,"w":-0.2996884286403656},"size":2.3680081367492677,"orthographic":false}