{"cameraMode":{"drawMode":0,"name":"Shaded","section":"Shading Mode"},"sceneLighting":false,"audioPlay":false,"sceneViewState":{"showFog":false,"showMaterialUpdate":false,"showSkybox":false,"showFlares":true,"showImageEffects":true,"showParticleSystems":true},"in2DMode":false,"pivot":{"x":5.807720184326172,"y":7.370338439941406,"z":0.6673402190208435},"rotation":{"x":0.16752928495407105,"y":-0.4929957687854767,"z":0.09736761450767517,"w":0.8481943011283875},"size":0.17320498824119569,"orthographic":false}