{"cameraMode":{"drawMode":0,"name":"Shaded","section":"Shading Mode"},"sceneLighting":false,"audioPlay":false,"sceneViewState":{"showFog":false,"showMaterialUpdate":false,"showSkybox":false,"showFlares":true,"showImageEffects":true,"showParticleSystems":true},"in2DMode":false,"pivot":{"x":3.425344467163086,"y":2.5567755699157717,"z":1.869827151298523},"rotation":{"x":0.3115599751472473,"y":-0.5832051634788513,"z":0.2579275667667389,"w":0.7044715285301209},"size":2.598076105117798,"orthographic":false}