{"cameraMode":{"drawMode":0,"name":"Shaded","section":"Shading Mode"},"sceneLighting":false,"audioPlay":false,"sceneViewState":{"showFog":false,"showMaterialUpdate":false,"showSkybox":true,"showFlares":true,"showImageEffects":true,"showParticleSystems":true},"in2DMode":false,"pivot":{"x":47.74932098388672,"y":11.477411270141602,"z":2.431928873062134},"rotation":{"x":0.3931235373020172,"y":0.3323062062263489,"z":-0.15416273474693299,"w":0.8434820771217346},"size":3.9002463817596437,"orthographic":false}