{"cameraMode":{"drawMode":0,"name":"Shaded","section":"Shading Mode"},"sceneLighting":false,"audioPlay":false,"sceneViewState":{"showFog":false,"showMaterialUpdate":false,"showSkybox":false,"showFlares":true,"showImageEffects":true,"showParticleSystems":true},"in2DMode":false,"pivot":{"x":-6.317663669586182,"y":1.016975998878479,"z":7.516114711761475},"rotation":{"x":0.015898745507001878,"y":0.9612923264503479,"z":-0.0562652088701725,"w":0.2694704830646515},"size":2.3680081367492677,"orthographic":false}