{"cameraMode":{"drawMode":0,"name":"Shaded","section":"Shading Mode"},"sceneLighting":false,"audioPlay":false,"sceneViewState":{"showFog":false,"showMaterialUpdate":false,"showSkybox":false,"showFlares":true,"showImageEffects":true,"showParticleSystems":true},"in2DMode":false,"pivot":{"x":0.12577253580093385,"y":0.7176775932312012,"z":-2.3003885746002199},"rotation":{"x":0.28943073749542239,"y":0.04735850170254707,"z":-0.014335017651319504,"w":0.9559361338615418},"size":1.246097445487976,"orthographic":false}