{"cameraMode":{"drawMode":0,"name":"Shaded","section":"Shading Mode"},"sceneLighting":false,"audioPlay":false,"sceneViewState":{"showFog":false,"showMaterialUpdate":false,"showSkybox":false,"showFlares":true,"showImageEffects":true,"showParticleSystems":true},"in2DMode":false,"pivot":{"x":5.807720184326172,"y":7.370338439941406,"z":0.6673402190208435},"rotation":{"x":0.007499925792217255,"y":-0.0014999588020145894,"z":0.000011250046554778237,"w":0.999970555305481},"size":0.17320498824119569,"orthographic":false}