{"cameraMode":{"drawMode":0,"name":"Shaded","section":"Shading Mode"},"sceneLighting":false,"audioPlay":false,"sceneViewState":{"showFog":false,"showMaterialUpdate":false,"showSkybox":false,"showFlares":true,"showImageEffects":true,"showParticleSystems":true},"in2DMode":false,"pivot":{"x":12.353964805603028,"y":1.0,"z":-1.3475459814071656},"rotation":{"x":0.3728657364845276,"y":0.04173613339662552,"z":-0.016786973923444749,"w":0.926803708076477},"size":0.6600974202156067,"orthographic":false}