{"cameraMode":{"drawMode":0,"name":"Shaded","section":"Shading Mode"},"sceneLighting":false,"audioPlay":false,"sceneViewState":{"showFog":false,"showMaterialUpdate":false,"showSkybox":false,"showFlares":true,"showImageEffects":true,"showParticleSystems":true},"in2DMode":false,"pivot":{"x":-7.553155422210693,"y":0.22990022599697114,"z":-3.238279342651367},"rotation":{"x":0.05023745074868202,"y":0.4234856963157654,"z":-0.023520343005657197,"w":0.9042236804962158},"size":1.5478472709655762,"orthographic":false}