{"cameraMode":{"drawMode":0,"name":"Shaded","section":"Shading Mode"},"sceneLighting":false,"audioPlay":false,"sceneViewState":{"showFog":false,"showMaterialUpdate":false,"showSkybox":false,"showFlares":true,"showImageEffects":true,"showParticleSystems":true},"in2DMode":false,"pivot":{"x":521.9005737304688,"y":41.871036529541019,"z":28.948745727539064},"rotation":{"x":-0.013499001041054726,"y":-0.008999037556350232,"z":-0.0001214932490256615,"w":0.999867856502533},"size":84.66966247558594,"orthographic":false}