{"cameraMode":{"drawMode":0,"name":"Shaded","section":"Shading Mode"},"sceneLighting":false,"audioPlay":false,"sceneViewState":{"showFog":false,"showMaterialUpdate":false,"showSkybox":false,"showFlares":true,"showImageEffects":true,"showParticleSystems":true},"in2DMode":false,"pivot":{"x":-0.31144189834594729,"y":0.8910534381866455,"z":1.3850809335708619},"rotation":{"x":0.13312898576259614,"y":-0.8103742003440857,"z":0.20218007266521455,"w":0.5335919260978699},"size":2.2763352394104006,"orthographic":false}