{"cameraMode":{"drawMode":0,"name":"Shaded","section":"Shading Mode"},"sceneLighting":false,"audioPlay":false,"sceneViewState":{"showFog":false,"showMaterialUpdate":false,"showSkybox":false,"showFlares":true,"showImageEffects":true,"showParticleSystems":true},"in2DMode":false,"pivot":{"x":-0.1029704213142395,"y":1.5124303102493287,"z":30.013721466064454},"rotation":{"x":0.37269628047943118,"y":0.012797093018889428,"z":-0.004400426987558603,"w":0.9279595017433167},"size":3.9002435207366945,"orthographic":false}