{"cameraMode":{"drawMode":0,"name":"Shaded","section":"Shading Mode"},"sceneLighting":false,"audioPlay":false,"sceneViewState":{"showFog":false,"showMaterialUpdate":false,"showSkybox":false,"showFlares":true,"showImageEffects":true,"showParticleSystems":true},"in2DMode":false,"pivot":{"x":11.746408462524414,"y":1.8341902494430543,"z":8.864701271057129},"rotation":{"x":0.0407126247882843,"y":0.950527012348175,"z":-0.14070552587509156,"w":0.2741444408893585},"size":2.3577051162719728,"orthographic":false}