{"cameraMode":{"drawMode":0,"name":"Shaded","section":"Shading Mode"},"sceneLighting":false,"audioPlay":false,"sceneViewState":{"showFog":false,"showMaterialUpdate":false,"showSkybox":false,"showFlares":true,"showImageEffects":true,"showParticleSystems":true},"in2DMode":false,"pivot":{"x":2.129049301147461,"y":2.1361536979675295,"z":-11.96016788482666},"rotation":{"x":0.17545963823795319,"y":-0.26085570454597475,"z":0.04827701672911644,"w":0.948071300983429},"size":0.5652175545692444,"orthographic":false}