{"cameraMode":{"drawMode":0,"name":"Shaded","section":"Shading Mode"},"sceneLighting":false,"audioPlay":false,"sceneViewState":{"showFog":false,"showMaterialUpdate":false,"showSkybox":false,"showFlares":true,"showImageEffects":true,"showParticleSystems":true},"in2DMode":false,"pivot":{"x":11.510000228881836,"y":1.4627399444580079,"z":8.949999809265137},"rotation":{"x":0.05984032154083252,"y":0.9381759762763977,"z":-0.27178052067756655,"w":0.20613017678260804},"size":2.3577051162719728,"orthographic":false}