{"cameraMode":{"drawMode":0,"name":"Shaded","section":"Shading Mode"},"sceneLighting":false,"audioPlay":false,"sceneViewState":{"showFog":false,"showMaterialUpdate":false,"showSkybox":true,"showFlares":true,"showImageEffects":true,"showParticleSystems":true},"in2DMode":false,"pivot":{"x":0.2839723229408264,"y":10.46917724609375,"z":19.832008361816408},"rotation":{"x":0.4240815341472626,"y":0.013583464547991753,"z":-0.006361772771924734,"w":0.9055007100105286},"size":3.9002435207366945,"orthographic":false}